{
    "loss": 2.3046703338623047,
    "accuracy": 0.6637930870056152
}